{
  "project_info": {
    "project_number": "1038749233014",
    "project_id": "bright-9bd43",
    "storage_bucket": "bright-9bd43.appspot.com"
  },
  "client": [
    {
      "client_info": {
        "mobilesdk_app_id": "1:1038749233014:android:34cbc5971e7137ec4a1457",
        "android_client_info": {
          "package_name": "com.bright.bright_app"
        }
      },
      "oauth_client": [
        {
          "client_id": "1038749233014-if8o19ie53ovdgfqjbpdar3jv38aqogi.apps.googleusercontent.com",
          "client_type": 3
        }
      ],
      "api_key": [
        {
          "current_key": "AIzaSyCZIRZsYGhQ1aNi66P_Tut42bjbLYH33Tw"
        }
      ],
      "services": {
        "appinvite_service": {
          "other_platform_oauth_client": [
            {
              "client_id": "1038749233014-if8o19ie53ovdgfqjbpdar3jv38aqogi.apps.googleusercontent.com",
              "client_type": 3
            }
          ]
        }
      }
    }
  ],
  "configuration_version": "1"
}